Workbook

Sheet README
A1: MRM Crossover Model v0.1 (placeholder values — replace with real data)
A3: PURPOSE
A4: Answers two questions for the 'Retention-Aware Memory Placement on Reused Hardware' paper:
A5: 1. PLACEMENT — given per-region bandwidth demand (Phase-1 metrics.csv), which memory tier is carbon/energy/throughput optimal?
A6: 2. CROSSOVER — at what utilisation does reusing an old server beat buying a new one (gCO2e per inference job)?
A8: SHEETS
A9: Tiers YELLOW = edit: memory tier parameters (BW, capacity, $/GB, embodied kgCO2e/GB).
A10: Regions YELLOW = paste from metrics.csv: per-region metrics from Phase-1 sweep.
A11: Assumptions YELLOW = edit: SLA throughput, batch size, grid intensity, hardware specs.
A12: Placement DERIVED: feasibility + carbon/energy/speed optimal tier per region.
A13: Crossover DERIVED: (a) max servable model size by tier; (b) reused-vs-new gCO2e/job.
A15: HOW TO USE
... A28: not hardware retention requirements. Write-once ratio and read-frequency ordering transfer.

Sheet Tiers
A1: Tier | B1: BW (GB/s) | C1: Capacity (GB/node) | D1: $/GB/mo | E1: Rd energy (pJ/bit) | F1: Wr energy (pJ/bit) | G1: Embodied (kgCO2e/GB) | H1: Notes
A2: VRAM (HBM) | B2: 900 | C2: 16 | D2: 0.8 | E2: 3.5 | F2: 7 | G2: 0.025 | H2: RTX 3080 16 GB — replace with datasheet
A3: DRAM (DDR5) | B3: 100 | C3: 32 | D3: 0.1 | E3: 8 | F3: 16 | G3: 0.01 | H3: Server DRAM — replace with datasheet
A4: NVMe (PCIe 4) | B4: 7 | C4: 3400 | D4: 0.02 | E4: 50 | F4: 100 | G4: 0.002 | H4: Samsung 990 Pro 4 TB — replace with datasheet
A6: (add rows for more tiers: CXL, PMEM, …)

Sheet Regions
A1: Region | B1: Peak BW demand (GB/s) | C1: Retention p99 (s) | D1: Write-once ratio | E1: Read freq (reads/write) | F1: Avg size (GB, 7B Q4) | G1: Writes/ inference | H1: Reads/ inference | I1: Source / notes
A2: weights | B2: 200 | C2: 30 | D2: 0.99 | E2: 50 | F2: 3.8 | G2: 1 | H2: 50 | I2: Phase-1 metrics.csv placeholder — replace with measured values
A3: kv_cache | B3: 40 | C3: 0.5 | D3: 0.1 | E3: 5 | F3: 1.2 | G3: 50 | H3: 250 | I3: Phase-1 metrics.csv placeholder
A4: activations | B4: 80 | C4: 0.01 | D4: 0.4 | E4: 2 | F4: 0.05 | G4: 200 | H4: 400 | I4: Phase-1 metrics.csv placeholder

Sheet Assumptions
A1: Parameter | B1: Value | C1: Notes
A2: SLA throughput (tok/s) | B2: 50 | C2: Target generation throughput
A3: Batch size (inferences/job) | B3: 8 | C3: Concurrent inferences per job
A4: Grid intensity (gCO2e/kWh) | B4: 350 | C4: UK ~250, US avg ~386, clean grid ~50
A5: Reused server age (years) | B5: 4 | C5: Age of partner machine at deployment start
A6: Reused server lifetime (years) | B6: 8 | C6: Total expected lifetime before e-waste
A7: New device embodied (kgCO2e) | B7: 400 | C7: Full server embodied carbon (device + share, LCA)
A8: New device lifetime (years) | B8: 5 | C8: Typical 5-year datacenter amortisation
A9: Deployment hours/year | B9: 4380 | C9: 50% utilisation baseline = 4380 h/year
A10: Reused server TDP (W) | B10: 250 | C10: i9-11980HK + RTX 3080 sustained load
A11: New device TDP (W) | B11: 100 | C11: Modern efficient accelerator (2.5× more efficient than reused i9 setup per inference)
A12: Min SLA BW (GB/s) | B12: 50 | C12: Minimum sustained BW for SLA throughput
A14: Row reference map (for formula auditing)
A15: B2 = SLA throughput (tok/s)
A16: B3 = Batch size (inferences/job)
A17: B4 = Grid intensity (gCO2e/kWh)
A18: B5 = Reused server age (years)
A19: B6 = Reused server lifetime (years)
A20: B7 = New device embodied (kgCO2e)
A21: B8 = New device lifetime (years)
A22: B9 = Deployment hours/year
A23: B10 = Reused server TDP (W)
A24: B11 = New device TDP (W)
A25: B12 = Min SLA BW (GB/s)

Sheet Placement
A1: Region | B1: Tier | C1: BW ok? | D1: Cap ok? | E1: Feasible? | F1: Active energy (mWh/job) | G1: Embodied alloc (mgCO2e/job) | H1: Total carbon (mgCO2e/job) | I1: Speed score (BW headroom) | J1: Rank | K1: Notes
A2: =Regions!A2 | B2: =Tiers!A2 | C2: =IF(Tiers!B2>=Regions!B2,"YES","NO") | D2: =IF(Tiers!C2>=Regions!F2,"YES","NO") | E2: =IF(AND(C2="YES",D2="YES"),"YES","NO") | F2: =IF(E2="YES",Regions!F2*8e9*Tiers!E2*Regions!H2/1e12/3600*1000,"") | G2: =IF(E2="YES",Tiers!G2*Regions!F2*1e6/(Assumptions!B6*Assumptions!B9*(Assumptions!B2/256*3600)),"") | H2: =IF(E2="YES",F2*Assumptions!B4/1000+G2,"") | I2: =IF(E2="YES",Tiers!B2/Regions!B2,"") | J2: =IF(E2="YES",RANK(H2,H2:H4,1),"")
A3: =Regions!A2 | B3: =Tiers!A3 | C3: =IF(Tiers!B3>=Regions!B2,"YES","NO") | D3: =IF(Tiers!C3>=Regions!F2,"YES","NO") | E3: =IF(AND(C3="YES",D3="YES"),"YES","NO") | F3: =IF(E3="YES",Regions!F2*8e9*Tiers!E3*Regions!H2/1e12/3600*1000,"") | G3: =IF(E3="YES",Tiers!G3*Regions!F2*1e6/(Assumptions!B6*Assumptions!B9*(Assumptions!B2/256*3600)),"") | H3: =IF(E3="YES",F3*Assumptions!B4/1000+G3,"") | I3: =IF(E3="YES",Tiers!B3/Regions!B2,"") | J3: =IF(E3="YES",RANK(H3,H2:H4,1),"")
A4: =Regions!A2 | B4: =Tiers!A4 | C4: =IF(Tiers!B4>=Regions!B2,"YES","NO") | D4: =IF(Tiers!C4>=Regions!F2,"YES","NO") | E4: =IF(AND(C4="YES",D4="YES"),"YES","NO") | F4: =IF(E4="YES",Regions!F2*8e9*Tiers!E4*Regions!H2/1e12/3600*1000,"") | G4: =IF(E4="YES",Tiers!G4*Regions!F2*1e6/(Assumptions!B6*Assumptions!B9*(Assumptions!B2/256*3600)),"") | H4: =IF(E4="YES",F4*Assumptions!B4/1000+G4,"") | I4: =IF(E4="YES",Tiers!B4/Regions!B2,"") | J4: =IF(E4="YES",RANK(H4,H2:H4,1),"")
A6: =Regions!A3 | B6: =Tiers!A2 | C6: =IF(Tiers!B2>=Regions!B3,"YES","NO") | D6: =IF(Tiers!C2>=Regions!F3,"YES","NO") | E6: =IF(AND(C6="YES",D6="YES"),"YES","NO") | F6: =IF(E6="YES",Regions!F3*8e9*Tiers!E2*Regions!H3/1e12/3600*1000,"") | G6: =IF(E6="YES",Tiers!G2*Regions!F3*1e6/(Assumptions!B6*Assumptions!B9*(Assumptions!B2/256*3600)),"") | H6: =IF(E6="YES",F6*Assumptions!B4/1000+G6,"") | I6: =IF(E6="YES",Tiers!B2/Regions!B3,"") | J6: =IF(E6="YES",RANK(H6,H6:H8,1),"")
A7: =Regions!A3 | B7: =Tiers!A3 | C7: =IF(Tiers!B3>=Regions!B3,"YES","NO") | D7: =IF(Tiers!C3>=Regions!F3,"YES","NO") | E7: =IF(AND(C7="YES",D7="YES"),"YES","NO") | F7: =IF(E7="YES",Regions!F3*8e9*Tiers!E3*Regions!H3/1e12/3600*1000,"") | G7: =IF(E7="YES",Tiers!G3*Regions!F3*1e6/(Assumptions!B6*Assumptions!B9*(Assumptions!B2/256*3600)),"") | H7: =IF(E7="YES",F7*Assumptions!B4/1000+G7,"") | I7: =IF(E7="YES",Tiers!B3/Regions!B3,"") | J7: =IF(E7="YES",RANK(H7,H6:H8,1),"")
A8: =Regions!A3 | B8: =Tiers!A4 | C8: =IF(Tiers!B4>=Regions!B3,"YES","NO") | D8: =IF(Tiers!C4>=Regions!F3,"YES","NO") | E8: =IF(AND(C8="YES",D8="YES"),"YES","NO") | F8: =IF(E8="YES",Regions!F3*8e9*Tiers!E4*Regions!H3/1e12/3600*1000,"") | G8: =IF(E8="YES",Tiers!G4*Regions!F3*1e6/(Assumptions!B6*Assumptions!B9*(Assumptions!B2/256*3600)),"") | H8: =IF(E8="YES",F8*Assumptions!B4/1000+G8,"") | I8: =IF(E8="YES",Tiers!B4/Regions!B3,"") | J8: =IF(E8="YES",RANK(H8,H6:H8,1),"")
A10: =Regions!A4 | B10: =Tiers!A2 | C10: =IF(Tiers!B2>=Regions!B4,"YES","NO") | D10: =IF(Tiers!C2>=Regions!F4,"YES","NO") | E10: =IF(AND(C10="YES",D10="YES"),"YES","NO") | F10: =IF(E10="YES",Regions!F4*8e9*Tiers!E2*Regions!H4/1e12/3600*1000,"") | G10: =IF(E10="YES",Tiers!G2*Regions!F4*1e6/(Assumptions!B6*Assumptions!B9*(Assumptions!B2/256*3600)),"") | H10: =IF(E10="YES",F10*Assumptions!B4/1000+G10,"") | I10: =IF(E10="YES",Tiers!B2/Regions!B4,"") | J10: =IF(E10="YES",RANK(H10,H10:H12,1),"")
A11: =Regions!A4 | B11: =Tiers!A3 | C11: =IF(Tiers!B3>=Regions!B4,"YES","NO") | D11: =IF(Tiers!C3>=Regions!F4,"YES","NO") | E11: =IF(AND(C11="YES",D11="YES"),"YES","NO") | F11: =IF(E11="YES",Regions!F4*8e9*Tiers!E3*Regions!H4/1e12/3600*1000,"") | G11: =IF(E11="YES",Tiers!G3*Regions!F4*1e6/(Assumptions!B6*Assumptions!B9*(Assumptions!B2/256*3600)),"") | H11: =IF(E11="YES",F11*Assumptions!B4/1000+G11,"") | I11: =IF(E11="YES",Tiers!B3/Regions!B4,"") | J11: =IF(E11="YES",RANK(H11,H10:H12,1),"")
A12: =Regions!A4 | B12: =Tiers!A4 | C12: =IF(Tiers!B4>=Regions!B4,"YES","NO") | D12: =IF(Tiers!C4>=Regions!F4,"YES","NO") | E12: =IF(AND(C12="YES",D12="YES"),"YES","NO") | F12: =IF(E12="YES",Regions!F4*8e9*Tiers!E4*Regions!H4/1e12/3600*1000,"") | G12: =IF(E12="YES",Tiers!G4*Regions!F4*1e6/(Assumptions!B6*Assumptions!B9*(Assumptions!B2/256*3600)),"") | H12: =IF(E12="YES",F12*Assumptions!B4/1000+G12,"") | I12: =IF(E12="YES",Tiers!B4/Regions!B4,"") | J12: =IF(E12="YES",RANK(H12,H10:H12,1),"")
A14: SUMMARY — optimal tier per region
A15: Region | B15: Feasible tiers | C15: Carbon-optimal | D15: Energy-optimal | E15: Speed-optimal | F15: Min carbon (mgCO2e/job)
A16: =Regions!A2 | B16: =COUNTIF(E2:E4,"YES") | C16: =IFERROR(INDEX(B2:B4,MATCH(MIN(IF(E2:E4="YES",H2:H4)),H2:H4,0)),"no feasible tier") | D16: =IFERROR(INDEX(B2:B4,MATCH(MIN(IF(E2:E4="YES",F2:F4)),F2:F4,0)),"no feasible tier") | E16: =IFERROR(INDEX(B2:B4,MATCH(MAX(IF(E2:E4="YES",I2:I4)),I2:I4,0)),"no feasible tier") | F16: =IFERROR(MIN(IF(E2:E4="YES",H2:H4)),"")
A17: =Regions!A3 | B17: =COUNTIF(E6:E8,"YES") | C17: =IFERROR(INDEX(B6:B8,MATCH(MIN(IF(E6:E8="YES",H6:H8)),H6:H8,0)),"no feasible tier") | D17: =IFERROR(INDEX(B6:B8,MATCH(MIN(IF(E6:E8="YES",F6:F8)),F6:F8,0)),"no feasible tier") | E17: =IFERROR(INDEX(B6:B8,MATCH(MAX(IF(E6:E8="YES",I6:I8)),I6:I8,0)),"no feasible tier") | F17: =IFERROR(MIN(IF(E6:E8="YES",H6:H8)),"")
A18: =Regions!A4 | B18: =COUNTIF(E10:E12,"YES") | C18: =IFERROR(INDEX(B10:B12,MATCH(MIN(IF(E10:E12="YES",H10:H12)),H10:H12,0)),"no feasible tier") | D18: =IFERROR(INDEX(B10:B12,MATCH(MIN(IF(E10:E12="YES",F10:F12)),F10:F12,0)),"no feasible tier") | E18: =IFERROR(INDEX(B10:B12,MATCH(MAX(IF(E10:E12="YES",I10:I12)),I10:I12,0)),"no feasible tier") | F18: =IFERROR(MIN(IF(E10:E12="YES",H10:H12)),"")

Sheet Crossover
A1: PART 1 — Max servable model size by tier × SLA throughput
A2: How large a model can each tier serve at the SLA (Assumptions!B2 tok/s)?
A3: Tier | B3: BW (GB/s) | C3: Capacity (GB) | D3: Max model size @ SLA (GB) | E3: Approx param count (B) | F3: SLA feasible?
A4: =Tiers!A2 | B4: =Tiers!B2 | C4: =Tiers!C2 | D4: =MIN(Tiers!C2,Tiers!B2*Regions!C2/Regions!E2) | E4: =ROUND(D4/0.55,1) | F4: =IF(Tiers!B2>=Assumptions!B12,"YES","NO")
A5: =Tiers!A3 | B5: =Tiers!B3 | C5: =Tiers!C3 | D5: =MIN(Tiers!C3,Tiers!B3*Regions!C2/Regions!E2) | E5: =ROUND(D5/0.55,1) | F5: =IF(Tiers!B3>=Assumptions!B12,"YES","NO")
A6: =Tiers!A4 | B6: =Tiers!B4 | C6: =Tiers!C4 | D6: =MIN(Tiers!C4,Tiers!B4*Regions!C2/Regions!E2) | E6: =ROUND(D6/0.55,1) | F6: =IF(Tiers!B4>=Assumptions!B12,"YES","NO")
A9: PART 2 — Reused-vs-new gCO2e per inference job vs utilisation
A10: At what utilisation does keeping the reused server beat buying new?
A11: Utilisation | B11: Reused operational (kgCO2e/job) | C11: Reused embodied (kgCO2e/job) | D11: Reused total (kgCO2e/job) | E11: New total (kgCO2e/job) | F11: Winner
A12: 0.1 | B12: =Assumptions!B10/1000*(1/(Assumptions!B2*3600/256))*Assumptions!B4/1000 | C12: =IF(((Assumptions!B6-Assumptions!B5)*Assumptions!B9*A12)>0,40/(((Assumptions!B6-Assumptions!B5)*Assumptions!B9*A12)*(Assumptions!B2*3600/256)),0) | D12: =B12+C12 | E12: =Assumptions!B11/1000*(1/(Assumptions!B2*3600/256))*Assumptions!B4/1000+Assumptions!B7/((Assumptions!B8*Assumptions!B9*A12)*(Assumptions!B2*3600/256)) | F12: =IF(D12<E12,"REUSED","NEW")
A13: 0.25 | B13: =Assumptions!B10/1000*(1/(Assumptions!B2*3600/256))*Assumptions!B4/1000 | C13: =IF(((Assumptions!B6-Assumptions!B5)*Assumptions!B9*A13)>0,40/(((Assumptions!B6-Assumptions!B5)*Assumptions!B9*A13)*(Assumptions!B2*3600/256)),0) | D13: =B13+C13 | E13: =Assumptions!B11/1000*(1/(Assumptions!B2*3600/256))*Assumptions!B4/1000+Assumptions!B7/((Assumptions!B8*Assumptions!B9*A13)*(Assumptions!B2*3600/256)) | F13: =IF(D13<E13,"REUSED","NEW")
A14: 0.5 | B14: =Assumptions!B10/1000*(1/(Assumptions!B2*3600/256))*Assumptions!B4/1000 | C14: =IF(((Assumptions!B6-Assumptions!B5)*Assumptions!B9*A14)>0,40/(((Assumptions!B6-Assumptions!B5)*Assumptions!B9*A14)*(Assumptions!B2*3600/256)),0) | D14: =B14+C14 | E14: =Assumptions!B11/1000*(1/(Assumptions!B2*3600/256))*Assumptions!B4/1000+Assumptions!B7/((Assumptions!B8*Assumptions!B9*A14)*(Assumptions!B2*3600/256)) | F14: =IF(D14<E14,"REUSED","NEW")
A15: 0.75 | B15: =Assumptions!B10/1000*(1/(Assumptions!B2*3600/256))*Assumptions!B4/1000 | C15: =IF(((Assumptions!B6-Assumptions!B5)*Assumptions!B9*A15)>0,40/(((Assumptions!B6-Assumptions!B5)*Assumptions!B9*A15)*(Assumptions!B2*3600/256)),0) | D15: =B15+C15 | E15: =Assumptions!B11/1000*(1/(Assumptions!B2*3600/256))*Assumptions!B4/1000+Assumptions!B7/((Assumptions!B8*Assumptions!B9*A15)*(Assumptions!B2*3600/256)) | F15: =IF(D15<E15,"REUSED","NEW")
A16: 1 | B16: =Assumptions!B10/1000*(1/(Assumptions!B2*3600/256))*Assumptions!B4/1000 | C16: =IF(((Assumptions!B6-Assumptions!B5)*Assumptions!B9*A16)>0,40/(((Assumptions!B6-Assumptions!B5)*Assumptions!B9*A16)*(Assumptions!B2*3600/256)),0) | D16: =B16+C16 | E16: =Assumptions!B11/1000*(1/(Assumptions!B2*3600/256))*Assumptions!B4/1000+Assumptions!B7/((Assumptions!B8*Assumptions!B9*A16)*(Assumptions!B2*3600/256)) | F16: =IF(D16<E16,"REUSED","NEW")
A18: Crossover = utilisation where Winner flips from REUSED to NEW.
A19: Sensitivity: rerun with grid intensity = 50 (clean) and 350 (dirty grid) — report both.
